{
  "primitive": {
    "sage": {
      "value": "#DDE2D9",
      "type": "color"
    },
    "blush": {
      "value": "#EBD3D3",
      "type": "color"
    },
    "coral": {
      "value": "#F1967E",
      "type": "color"
    },
    "olive": {
      "value": "#788C78",
      "type": "color"
    },
    "plum": {
      "value": "#251335",
      "type": "color"
    },
    "mahogany": {
      "value": "#331515",
      "type": "color"
    },
    "cashmere": {
      "value": "#56504C",
      "type": "color"
    },
    "charcoal": {
      "value": "#1E1E1E",
      "type": "color"
    },
    "gradient": {
      "soft": {
        "value": "linear-gradient({primitive.sage} 100%, {primitive.blush} 0%)",
        "type": "color"
      }
    },
    "black": {
      "value": "#0a0a0a",
      "type": "color"
    },
    "white": {
      "value": "#fefefe",
      "type": "color"
    },
    "flame": {
      "100": {
        "value": "#FF9770",
        "type": "color"
      },
      "200": {
        "value": "#F75828",
        "type": "color"
      },
      "300": {
        "value": "#FF3C15",
        "type": "color"
      },
      "400": {
        "value": "#F01D06",
        "type": "color"
      }
    },
    "sky": {
      "50": {
        "value": "#CCE4F0",
        "type": "color"
      },
      "100": {
        "value": "#98CBE1",
        "type": "color"
      },
      "200": {
        "value": "#4FB6E8",
        "type": "color"
      },
      "300": {
        "value": "#3C94BB",
        "type": "color"
      }
    },
    "gray": {
      "50": {
        "value": "#F6F6F6",
        "type": "color"
      },
      "100": {
        "value": "#E7E7E7",
        "type": "color"
      },
      "200": {
        "value": "#D1D1D1",
        "type": "color"
      },
      "300": {
        "value": "#B0B0B0",
        "type": "color"
      },
      "400": {
        "value": "#888888",
        "type": "color"
      },
      "500": {
        "value": "#6D6D6D",
        "type": "color"
      },
      "600": {
        "value": "#4F4F4F",
        "type": "color"
      },
      "700": {
        "value": "#454545",
        "type": "color"
      },
      "800": {
        "value": "#3D3D3D",
        "type": "color"
      },
      "900": {
        "value": "#1E1E1E",
        "type": "color"
      },
      "950": {
        "value": "#1B1B1B",
        "type": "color"
      }
    }
  },
  "scale": {
    "0": {
      "value": "0px",
      "type": "dimension"
    },
    "1": {
      "value": "4px",
      "type": "dimension"
    },
    "2": {
      "value": "{scale.1} *2",
      "type": "dimension"
    },
    "3": {
      "value": "{scale.1} *3",
      "type": "dimension"
    },
    "4": {
      "value": "{scale.1} *4",
      "type": "dimension"
    },
    "5": {
      "value": "{scale.1} *5",
      "type": "dimension"
    },
    "6": {
      "value": "{scale.1} *6",
      "type": "dimension"
    },
    "7": {
      "value": "{scale.1} *7",
      "type": "dimension"
    },
    "8": {
      "value": "{scale.1} *8",
      "type": "dimension"
    },
    "9": {
      "value": "{scale.1} *9",
      "type": "dimension"
    },
    "10": {
      "value": "{scale.1} *10",
      "type": "dimension"
    },
    "11": {
      "value": "{scale.1} *11",
      "type": "dimension"
    },
    "12": {
      "value": "{scale.1} *12",
      "type": "dimension"
    },
    "13": {
      "value": "{scale.1} *14",
      "type": "dimension"
    },
    "14": {
      "value": "{scale.2} *8",
      "type": "dimension"
    },
    "15": {
      "value": "{scale.14} *2",
      "type": "dimension"
    },
    "16": {
      "value": "{scale.7} *5",
      "type": "dimension"
    },
    "17": {
      "value": "{scale.14} *3",
      "type": "dimension"
    },
    "18": {
      "value": "{scale.15} *2",
      "type": "dimension"
    },
    "19": {
      "value": "{scale.15} *3",
      "type": "dimension"
    },
    "20": {
      "value": "{scale.15} *4",
      "type": "dimension"
    },
    "3_5": {
      "value": "{scale.1}*3.5",
      "type": "dimension"
    }
  },
  "spacing": {
    "micro": {
      "value": "{scale.1}*.5",
      "type": "spacing"
    },
    "xs": {
      "value": "{scale.2}",
      "type": "spacing"
    },
    "small": {
      "value": "{scale.3}",
      "type": "spacing"
    },
    "med": {
      "value": "{scale.8}",
      "type": "spacing"
    },
    "large": {
      "value": "{scale.14}",
      "type": "spacing"
    },
    "xl": {
      "value": "{scale.15}",
      "type": "spacing"
    }
  },
  "neue-york-normal": {
    "value": "PP Neue York Normal",
    "type": "fontFamilies"
  },
  "neue-york-condensed": {
    "value": "PP Neue York Condensed",
    "type": "fontFamilies"
  },
  "neue-york-narrow": {
    "value": "PP Neue York Narrow",
    "type": "fontFamilies"
  },
  "body-paragraph-spacing": {
    "value": "{scale.3_5}",
    "type": "paragraphSpacing"
  },
  "border": {
    "width": {
      "med": {
        "value": "1px",
        "type": "borderWidth"
      },
      "sm": {
        "value": ".5px",
        "type": "borderWidth"
      },
      "large": {
        "value": "2px",
        "type": "borderWidth"
      },
      "xl": {
        "value": "4px",
        "type": "borderWidth"
      }
    },
    "radius": {
      "none": {
        "value": "{scale.0}",
        "type": "borderRadius"
      },
      "default": {
        "value": "{scale.1}",
        "type": "borderRadius"
      },
      "large": {
        "value": "{scale.2}",
        "type": "borderRadius"
      },
      "xl": {
        "value": "{scale.4}",
        "type": "borderRadius"
      },
      "full": {
        "value": "9999",
        "type": "borderRadius"
      }
    }
  },
  "opacity": {
    "30": {
      "value": "30%",
      "type": "opacity"
    },
    "full": {
      "value": "100%",
      "type": "opacity"
    }
  },
  "none": {
    "value": "none",
    "type": "textCase"
  },
  "uppercase": {
    "value": "uppercase",
    "type": "textCase"
  },
  "letter-spacing": {
    "default": {
      "value": "0",
      "type": "letterSpacing"
    },
    "tight": {
      "value": "-2%",
      "type": "letterSpacing"
    },
    "tighter": {
      "value": "-3%",
      "type": "letterSpacing"
    },
    "tightest": {
      "value": "-4%",
      "type": "letterSpacing"
    }
  },
  "line-height": {
    "default": {
      "value": "100%",
      "type": "lineHeights"
    },
    "tight": {
      "value": "95%",
      "type": "lineHeights"
    },
    "tighter": {
      "value": "90%",
      "type": "lineHeights"
    },
    "tightest": {
      "value": "85%",
      "type": "lineHeights"
    },
    "loose": {
      "value": "110%",
      "type": "lineHeights"
    },
    "looser": {
      "value": "130%",
      "type": "lineHeights"
    },
    "loosest": {
      "value": "140%",
      "type": "lineHeights"
    }
  },
  "normal-regular": {
    "value": "Normal Regular",
    "type": "fontWeights"
  },
  "normal-medium": {
    "value": "Normal Medium",
    "type": "fontWeights"
  },
  "normal-extrabold": {
    "value": "Normal Extrabold",
    "type": "fontWeights"
  },
  "condensed-extrabold": {
    "value": "Condensed Extrabold",
    "type": "fontWeights"
  },
  "narrow-medium": {
    "value": "Narrow Medium",
    "type": "fontWeights"
  },
  "condensed-regular": {
    "value": "Condensed Regular",
    "type": "fontWeights"
  },
  "css": {
    "regular": {
      "value": "400",
      "type": "fontWeights",
      "description": "references regular type weight for use in CSS"
    },
    "medium": {
      "value": "500",
      "type": "fontWeights",
      "description": "references medium type weight for use in CSS"
    },
    "extrabold": {
      "value": "800",
      "type": "fontWeights",
      "description": "references extrabold type weight for use in CSS"
    },
    "font-weight": {
      "regular": {
        "value": "400",
        "type": "number"
      },
      "medium": {
        "value": "500",
        "type": "number"
      },
      "extrabold": {
        "value": "800",
        "type": "number"
      }
    }
  },
  "Visible": {
    "value": "True",
    "type": "boolean"
  },
  "Hide": {
    "value": "False",
    "type": "boolean"
  },
  "foundation": {
    "shadow": {
      "value": {
        "x": "0",
        "y": "4",
        "blur": "4",
        "spread": "0",
        "color": "rgba(37,19,53,0.1)",
        "type": "dropShadow"
      },
      "type": "boxShadow"
    }
  }
}