{
  "color": {
    "surface": {
      "base": {
        "value": "{primitive.sage}",
        "type": "color",
        "description": "default surface color"
      },
      "foreground": {
        "value": "{primitive.mahogany}",
        "type": "color",
        "description": "default foreground color"
      },
      "accent": {
        "value": "{primitive.flame.200}",
        "type": "color"
      },
      "alt": {
        "base": {
          "value": "{primitive.gradient.soft}",
          "type": "color"
        },
        "foreground": {
          "value": "{color.surface.foreground}",
          "type": "color"
        },
        "accent": {
          "value": "{color.surface.accent}",
          "type": "color"
        }
      },
      "overlay": {
        "base": {
          "value": "{primitive.mahogany}",
          "type": "color",
          "description": "alt base"
        },
        "foreground": {
          "value": "{primitive.coral}",
          "type": "color"
        },
        "accent": {
          "value": "{color.surface.accent}",
          "type": "color"
        }
      },
      "elevated": {
        "base": {
          "value": "{primitive.gray.200}",
          "type": "color",
          "description": "overlay background color"
        },
        "foreground": {
          "value": "{primitive.cashmere}",
          "type": "color"
        },
        "accent": {
          "value": "{color.surface.accent}",
          "type": "color"
        }
      },
      "emphasis": {
        "base": {
          "value": "{primitive.plum}",
          "type": "color"
        },
        "foreground": {
          "value": "{primitive.coral}",
          "type": "color"
        },
        "accent": {
          "value": "{color.surface.accent}",
          "type": "color"
        }
      },
      "muted": {
        "base": {
          "value": "{primitive.cashmere}",
          "type": "color"
        },
        "foreground": {
          "value": "{primitive.gray.300}",
          "type": "color"
        },
        "accent": {
          "value": "{primitive.gray.400}",
          "type": "color"
        }
      },
      "contrast": {
        "base": {
          "value": "{primitive.charcoal}",
          "type": "color",
          "description": "used for persistent elements that need contrast"
        },
        "foreground": {
          "value": "{primitive.white}",
          "type": "color",
          "description": "used for persistent elements that need contrast"
        },
        "accent": {
          "value": "{color.surface.accent}",
          "type": "color"
        }
      }
    }
  },
  "drop-shadow": {
    "value": "{foundation.shadow}",
    "type": "boxShadow"
  }
}