{
  "color": {
    "surface": {
      "base": {
        "value": "{primitive.black}",
        "type": "color",
        "description": "default surface color"
      },
      "foreground": {
        "value": "{primitive.sage}",
        "type": "color",
        "description": "default foreground color"
      },
      "accent": {
        "value": "{primitive.coral}",
        "type": "color"
      },
      "alt": {
        "base": {
          "value": "{primitive.gray.950}",
          "type": "color"
        },
        "foreground": {
          "value": "{color.surface.foreground}",
          "type": "color"
        },
        "accent": {
          "value": "{color.surface.accent}",
          "type": "color"
        }
      },
      "elevated": {
        "base": {
          "value": "{primitive.charcoal}",
          "type": "color",
          "description": "alt base"
        },
        "foreground": {
          "value": "{primitive.sage}",
          "type": "color"
        },
        "accent": {
          "value": "{color.surface.accent}",
          "type": "color"
        }
      },
      "overlay": {
        "base": {
          "value": "{primitive.gray.700}",
          "type": "color",
          "description": "overlay background color"
        },
        "foreground": {
          "value": "{primitive.sage}",
          "type": "color"
        },
        "accent": {
          "value": "{color.surface.accent}",
          "type": "color"
        }
      },
      "emphasis": {
        "base": {
          "value": "{primitive.olive}",
          "type": "color"
        },
        "foreground": {
          "value": "{primitive.sage}",
          "type": "color"
        },
        "accent": {
          "value": "{primitive.gray.500}",
          "type": "color"
        }
      },
      "muted": {
        "base": {
          "value": "{primitive.black}",
          "type": "color"
        },
        "foreground": {
          "value": "{primitive.gray.700}",
          "type": "color"
        },
        "accent": {
          "value": "{primitive.gray.400}",
          "type": "color"
        }
      },
      "contrast": {
        "base": {
          "value": "{primitive.black}",
          "type": "color",
          "description": "for high contrast use cases"
        },
        "foreground": {
          "value": "{primitive.sage}",
          "type": "color",
          "description": "for high contrast use cases"
        },
        "accent": {
          "value": "{color.surface.accent}",
          "type": "color"
        }
      }
    }
  }
}